"pair","gene","excess_before","excess_after","retained","induced_share"
"endothelial -> epithelial","HSPA1A",3569.77017284739,3102.37852048158,0.869069539568426,0.770578752591626
"endothelial -> epithelial","HSPB1",1272.52757973734,1092.82409897174,0.858782250674132,0.764428175969343
"endothelial -> epithelial","HSPA1B",3269.57936210131,2872.61902847463,0.878589784903839,0.785165528992149
"endothelial -> epithelial","FOS",971.375513951539,767.660569089944,0.790281984736381,0.807478150467313
"endothelial -> epithelial","RGCC",863.321360424733,651.498729758577,0.754642198865618,0.717383563915027
"endothelial -> epithelial","CAV1",815.721488164145,712.04568679158,0.872902941902515,0.847782537642002
"endothelial -> fibroblast","MT1X",1221.18120798284,1065.70401260737,0.872682944710315,0.799839985943441
"endothelial -> fibroblast","GPX3",2497.09069987983,2040.11753671896,0.816997771373358,0.803602833315069
"endothelial -> fibroblast","COL18A1",3036.13899245033,2775.7689907596,0.914243055954235,0.851069480269515
"endothelial -> fibroblast","COL4A1",4278.49670020708,3464.14959601723,0.809665132112773,0.73274094795209
"endothelial -> fibroblast","ADIRF",566.900511815388,492.385592087402,0.868557325006876,0.803592454296726
"endothelial -> fibroblast","CAV1",974.389957932259,705.323071064361,0.723861186501879,0.663150655841411
"endothelial -> fibroblast","ITGA9",563.703287828858,509.74181257283,0.904273264993958,0.828487980895045
"endothelial -> fibroblast","COL4A2",5441.59484595395,4622.35735002444,0.849449009137707,0.755619685951823
"endothelial -> fibroblast","CCL21",1356.76056048096,1046.68497079259,0.771458871432369,0.712561146090971
"endothelial -> fibroblast","RGS5",1051.7439427555,829.774718487758,0.788951269178508,0.744966188347035
"endothelial -> fibroblast","PDGFA",605.746680413605,541.974961265419,0.894722131857755,0.829167046551161
"endothelial -> immune other","GPX3",2252.16834834463,1322.7183024948,0.587308805519359,0.632884218599757
"endothelial -> immune other","HSPA1A",10822.0711963871,8516.94254790606,0.786997460407526,0.757186819918133
"endothelial -> immune other","HSPA1B",9197.78564322564,7255.72034669812,0.788855125368365,0.754450091677953
"endothelial -> immune other","CCL21",2346.56740649951,1742.52128730452,0.742583094982949,0.735233266537331
"endothelial -> malignant","HSPA1B",1128.77555464465,1002.78684735751,0.888384624588368,0.867644458355783
"endothelial -> malignant","FOS",1013.47822901393,946.824557056664,0.934232754045325,0.960844835657787
"endothelial -> malignant","JUNB",941.182991164276,894.432090205039,0.950327511867373,0.936448909693588
"epithelial -> endothelial","HSP90AA1",1102.96574819389,1023.98632001368,0.928393580390383,0.895774189064937
"epithelial -> endothelial","CCND1",889.719213056553,784.183934225914,0.881383612625289,0.883269893017379
"epithelial -> endothelial","KRT7",830.084554764637,536.961069858399,0.64687514877403,0.68758649433654
"epithelial -> fibroblast","CD81",616.037182916645,501.740548050208,0.814464714085445,0.788026059353947
"epithelial -> fibroblast","CXCL14",479.704746463803,407.57019239868,0.849627182976882,0.848137430088765
"epithelial -> fibroblast","CCND1",539.996914635419,420.206753644157,0.778165101050366,0.787441597903707
"epithelial -> immune other","HSP90AA1",1683.89631559815,1266.30369173589,0.752008113567304,0.747574947047368
"epithelial -> immune other","CLU",1517.96339997679,975.360997600247,0.642545793670097,0.730590359558444
"epithelial -> malignant","CXCL2",947.594186345506,619.616934910081,0.65388427223229,0.717215540555893
"epithelial -> malignant","CXCL3",857.075335578927,733.181680357749,0.855446014978961,0.82876147510087
"fibroblast -> endothelial","IGFBP3",1591.39320474206,1419.06607525819,0.891713041773486,0.8914990810768
"fibroblast -> macrophage","MT2A",936.841078040685,696.861075303971,0.743841289241277,0.695040790180694
"fibroblast -> macrophage","PTGDS",698.875738016753,659.191618987232,0.943217203186742,0.8768887772232
"fibroblast -> malignant","THBS1",1204.42347820635,997.472853644587,0.828174534699409,0.828174534699409
"fibroblast -> malignant","COL16A1",578.516289233147,578.516289233147,1,0.822690324695998
"fibroblast -> malignant","COL6A1",2156.08919840848,2156.08919840848,1,0.901191883316638
"immune other -> fibroblast","RGS2",3770.68438652393,2915.03503533024,0.773078501544254,0.787131229908066
"macrophage -> endothelial","DUSP5",5257.25605813228,4564.46438496646,0.868221812765967,0.855575042431167
"macrophage -> endothelial","GADD45B",1083.93076123454,1028.15807647917,0.948545897256526,0.944827293666661
"macrophage -> fibroblast","DUSP5",5209.54187870662,3510.35735139506,0.673832254951865,0.696704842149099
"macrophage -> fibroblast","MMP12",232.566911285036,212.916982113271,0.915508491456542,0.871552988819441
"macrophage -> immune other","NPPC",6637.02422464658,4098.36248592184,0.617500004098611,0.589125792185569
"macrophage -> immune other","GADD45B",3172.93220870474,1901.44475646256,0.599270526879225,0.655587231198078
"macrophage -> immune other","GLUL",7484.99092253877,3706.17639214978,0.495147747072045,0.604963088769374
"macrophage -> immune other","FGR",1649.52011647684,1371.59228343336,0.831509885652624,0.822101095231737
"macrophage -> immune other","FCGR3A",2948.87373662663,2093.84689332705,0.710049693657726,0.727360754023368
"macrophage -> immune other","SRGN",7152.53088622954,6077.13314501391,0.849647941641742,0.815693740545124
"macrophage -> immune other","HCK",842.992223008379,692.300564690816,0.821241935329142,0.806537020711048
"macrophage -> immune other","CCL3",1635.97642726921,1296.44895740302,0.792461881353061,0.818338193336284
"macrophage -> immune other","FPR1",2050.06584975985,1860.22803129253,0.907399160622302,0.892819182053629
"macrophage -> immune other","TLR2",2244.04291809487,2039.02532804155,0.908639184928171,0.89162455376799
"macrophage -> immune other","CCRL2",639.427767089103,534.783444977977,0.836346922205923,0.831975408441962
"macrophage -> immune other","CCL3L3",2106.10954813648,1860.90128546866,0.883572883051227,0.890491458319037
"macrophage -> immune other","ITGAM",774.332732560183,642.964539157293,0.83034658373727,0.810159908005109
"macrophage -> immune other","CLEC7A",1125.3467443179,926.575416611263,0.823368816135765,0.816888773367426
"macrophage -> immune other","S100A9",3141.46226712654,2664.23592794288,0.848087833434275,0.82412172146586
"macrophage -> immune other","ITGAX",2518.70317048683,2053.05818541146,0.81512510464448,0.816204270253879
"macrophage -> immune other","CCL4",1511.16878215835,1335.27020885398,0.883600974701754,0.87311917343936
"macrophage -> immune other","CCL4L2",2019.96712639006,1839.1880981551,0.910503975102784,0.904314746543632
"macrophage -> immune other","OLR1",474.862289132139,413.177648382267,0.870099938104988,0.842434251545566
"macrophage -> immune other","LEP",462.376430936812,422.449175661121,0.913647728118851,0.898236529189889
"macrophage -> immune other","C5AR2",522.801652100694,451.375617738581,0.86337833081607,0.839388090937569
"macrophage -> malignant","HLA-B",1575.39024082246,1347.25076440228,0.85518541977188,0.815677152989375
"macrophage -> malignant","DUSP5",5885.25518733913,5463.0212729396,0.928255631920962,0.871897183309587
"macrophage -> malignant","COL9A2",2900.91222717117,2781.310849373,0.958771114590119,0.924324919739516
"macrophage -> malignant","NPPC",959.622151723473,879.131377720327,0.916122430210073,0.857768310181706
"macrophage -> malignant","GADD45B",248.402550490555,205.849109930968,0.828691611758614,0.790838391047244
"macrophage -> malignant","B2M",1398.98839606328,1294.5521559917,0.925348744588973,0.879710822789846
"malignant -> fibroblast","MIF",781.15897502981,576.068506598165,0.737453610612592,0.711965583517343
"malignant -> fibroblast","RAC1",620.97915846989,470.545895533601,0.757748290124645,0.740854769260032
"malignant -> fibroblast","ITGB1",877.983980438425,791.415686327743,0.901401055099601,0.865798263247123
"malignant -> fibroblast","TPM1",1034.53954124886,934.070865788429,0.902885610984815,0.838803311116896
"malignant -> fibroblast","MMP7",2716.71850048049,2181.68697328602,0.803059637168945,0.717687481861192
"malignant -> immune other","IL1RN",1220.86251382682,1186.47066684097,0.971829877159507,0.970706400381019
"malignant -> immune other","SLC40A1",728.266520614824,408.372002923125,0.560745264767032,0.734462409616055
"malignant -> immune other","RARA",486.153108542931,425.444693657822,0.875124906498982,0.879199573507176
"malignant -> immune other","IL1RAP",960.563664470467,925.173998120146,0.963157396371192,0.963770759030041
"malignant -> immune other","KRT16",532.175909212076,428.574962244281,0.805325748170029,0.851496435965331
"malignant -> immune other","IER3",766.220077912973,397.353956367954,0.518589851430499,0.69137479337553
"malignant -> immune other","KRT18",650.661097876074,324.104599438377,0.498115840175996,0.669101210101408
"malignant -> immune other","PF4",212.966397826329,203.572596633373,0.955890688442708,0.950387158232483
"malignant -> immune other","CD9",637.054636682486,436.441971305943,0.685093469500121,0.779727795401744
"malignant -> immune other","KRT6C",272.298182310481,228.687105308991,0.839840734038529,0.843168869224388
"malignant -> immune other","CXCL6",174.317708409857,167.328114094547,0.959903131018241,0.947443412223142
