pair,gene,excess,expected,resid_z
Ductal/tumor epithelial -> Endothelial,CXCL6,491.22810822247493,54.44247037081004,16.65883755786616
Ductal/tumor epithelial -> Endothelial,PPP1R1B,336.79451746846155,33.26709512989235,13.59915798801785
Ductal/tumor epithelial -> Endothelial,CFB,625.3744148528206,128.55278596456031,13.399439747514661
Ductal/tumor epithelial -> Exocrine epithelial,CFB,13786.199160944714,1253.5383679174795,45.34236286198448
Ductal/tumor epithelial -> Exocrine epithelial,CXCL6,5252.297102521606,530.8770630053484,35.40277901527988
Ductal/tumor epithelial -> Exocrine epithelial,PPP1R1B,6377.532763111164,324.39265957236546,24.453896690075503
Ductal/tumor epithelial -> Fibroblast / CAF,CXCL6,1658.2402925887593,667.5411140298371,20.49750257123767
Ductal/tumor epithelial -> Fibroblast / CAF,C5orf46,515.0792757381586,70.80696301081021,11.576534810176065
Ductal/tumor epithelial -> Fibroblast / CAF,PPP1R1B,693.5809794048214,407.90128721733254,8.872694236537365
Ductal/tumor epithelial -> Immune,CXCL6,1333.924268203757,330.77411121566445,23.601083073995515
Ductal/tumor epithelial -> Immune,CFB,1381.6574726745912,781.0434249604443,11.831724538528244
Ductal/tumor epithelial -> Immune,PPP1R1B,532.7626422213734,202.11966410357755,11.506157421197274
Ductal/tumor epithelial -> Mural / pericyte,CXCL6,71.3895704153098,17.433565017899532,6.0514469036088645
Endocrine -> Ductal/tumor epithelial,FXYD2,425.04362068371495,20.846118012334244,15.626898325429112
Endocrine -> Ductal/tumor epithelial,GCG,867.1330008136308,426.83770577690683,14.789498760441282
Endocrine -> Ductal/tumor epithelial,TM4SF4,140.2249543492146,19.89042205761405,8.183138337756517
Endocrine -> Endothelial,GCG,1230.0382454667226,833.1467489885259,11.278142105473378
Endocrine -> Endothelial,SST,512.0045582678582,388.3587770614022,5.436663650594296
Endocrine -> Endothelial,PPY,64.42603810551991,23.900795346018445,4.947429688170647
Endocrine -> Exocrine epithelial,GCG,1673.8651084265996,1229.129125313161,10.683186542538907
Endocrine -> Exocrine epithelial,FXYD2,236.32419667530849,60.02883637479614,6.027611946374099
Endocrine -> Exocrine epithelial,GHRL,94.62486771487823,43.430605113570266,4.869759486664999
Endocrine -> Fibroblast / CAF,GCG,1154.4596260219282,437.0593606717961,20.99753662641779
Endocrine -> Fibroblast / CAF,TM4SF4,62.198814793378105,20.36674602626758,4.957232477664859
Endocrine -> Immune,GCG,402.45215001910725,190.12753964375392,10.470757545717706
Endocrine -> Immune,SST,134.23878182770326,88.62508180147557,3.867573960244788
Endothelial -> Ductal/tumor epithelial,GNG11,798.9957874420815,135.40667703579916,18.136319877561903
Endothelial -> Ductal/tumor epithelial,TM4SF18,616.2438937458013,34.753825266260876,15.551028592506533
Endothelial -> Ductal/tumor epithelial,CD93,625.9978008688361,362.58343899991974,8.740504157143155
Endothelial -> Exocrine epithelial,APOLD1,847.1668740126743,450.92201574375196,7.134900254302877
Endothelial -> Exocrine epithelial,SOX17,238.71706938004152,103.24527540486723,5.037239739770087
Endothelial -> Exocrine epithelial,STEAP4,317.02313397713965,112.55804523537309,4.963796678066234
Endothelial -> Fibroblast / CAF,STEAP4,523.1327062909129,133.0955219082728,12.032769373076766
Endothelial -> Fibroblast / CAF,EDNRB,509.15866354766865,132.0079180520254,10.82491019506917
Endothelial -> Fibroblast / CAF,TFPI,552.8075934925555,194.00133785812588,6.96585457882136
Endothelial -> Immune,S100A12,107.4567855450481,14.27133734997533,5.467207713830898
Endothelial -> Immune,EDNRB,199.22168654840635,66.30367735323466,5.378097970853854
Endothelial -> Immune,STEAP4,171.85683087129405,66.84994863935813,4.145731850701481
Endothelial -> Mural / pericyte,EDNRB,181.28845303052645,15.831482297202708,8.90716125921591
Endothelial -> Mural / pericyte,APOLD1,353.8453030526471,63.94549286264575,8.796320647351298
Endothelial -> Mural / pericyte,STEAP4,126.27355847220174,15.961916754852165,7.092571324397509
Exocrine epithelial -> Ductal/tumor epithelial,CFTR,110866.73789752314,23561.761758066736,246.00622428231293
Exocrine epithelial -> Ductal/tumor epithelial,PROX1,11709.747480717515,3488.745201572091,72.03435585818427
Exocrine epithelial -> Ductal/tumor epithelial,CA4,1681.0183051677482,402.75813777370473,28.60981446606046
Exocrine epithelial -> Endocrine,AMY2A,3864.7241475890737,2620.1169205399524,15.948052192159903
Exocrine epithelial -> Endocrine,CFTR,686.1133304833645,446.640918179211,7.039338621183406
Exocrine epithelial -> Endothelial,AMY2A,27517.645648165893,22418.480247944935,30.066740360774528
Exocrine epithelial -> Endothelial,CA4,123.83126606620101,65.3251729217962,4.440935610557923
Exocrine epithelial -> Endothelial,CYP2A7,79.45598604346878,25.712627547056425,3.9776374705337596
Exocrine epithelial -> Fibroblast / CAF,CFTR,5032.307055072277,3138.6012404652106,25.312540623902088
Exocrine epithelial -> Fibroblast / CAF,AMY2A,21865.394658982234,18411.8872280998,23.021941546798494
Exocrine epithelial -> Fibroblast / CAF,GPC3,735.7634370287269,187.758052244668,14.683746556191307
Exocrine epithelial -> Immune,AMY2A,27334.71149954239,21942.214178259866,31.541685940019136
Exocrine epithelial -> Immune,CFTR,5610.9974734779635,3740.4020448992974,23.05264822012732
Exocrine epithelial -> Immune,PROX1,709.9098444126481,553.8342090071098,5.082165759761494
Fibroblast / CAF -> Ductal/tumor epithelial,LTBP2,3543.964898729641,1495.863408535844,25.428554516616387
Fibroblast / CAF -> Ductal/tumor epithelial,SEMA3C,4181.180887626518,654.9307773891685,25.138581346293833
Fibroblast / CAF -> Ductal/tumor epithelial,BASP1,2750.5082650147024,969.8195282852024,22.738976839924817
Fibroblast / CAF -> Endocrine,ASPN,142.15376176109328,42.358257300145254,6.955673908832634
Fibroblast / CAF -> Endocrine,FBLN1,142.68121921843138,52.59680813358818,6.107324889644577
Fibroblast / CAF -> Endocrine,SFRP4,134.61166032650823,56.37118916117097,5.813343973458577
Fibroblast / CAF -> Endothelial,THY1,1575.3858888953253,466.0873506206037,18.442748491089738
Fibroblast / CAF -> Endothelial,ASPN,1635.578833342988,481.0472944133465,16.842879527161205
Fibroblast / CAF -> Endothelial,APCDD1,895.1365231999073,214.50051144744103,12.311312308550063
Fibroblast / CAF -> Exocrine epithelial,C7,1068.6754959021262,178.7107687400583,18.933692259885266
Fibroblast / CAF -> Exocrine epithelial,SFRP4,1255.7323835966267,470.14780371832387,16.45123977686845
Fibroblast / CAF -> Exocrine epithelial,FBLN1,1002.5431687255018,438.6686567122064,12.049504556484836
Fibroblast / CAF -> Immune,SFRP4,3399.4263501840305,1595.206844022788,18.197021172099113
Fibroblast / CAF -> Immune,PMP22,3183.479670783659,994.4233527071322,15.456750755435404
Fibroblast / CAF -> Immune,CTSK,2718.2445300511854,1653.3543823797368,11.58561132280203
Fibroblast / CAF -> Mural / pericyte,THY1,275.21321645313554,58.95966551462796,9.847381787663139
Fibroblast / CAF -> Mural / pericyte,FBLN1,269.04409979770736,75.5608398330846,8.970158306378186
Fibroblast / CAF -> Mural / pericyte,SFRP4,216.39703304113283,80.98313465314025,6.059764559435184
Immune -> Ductal/tumor epithelial,GLIPR1,1073.128887429879,254.6449661808496,16.24345203378144
Immune -> Ductal/tumor epithelial,SPIB,672.8774415618271,20.910392688906036,16.07628677353383
Immune -> Ductal/tumor epithelial,KIT,352.21401260970737,48.87643935259632,8.91904650352073
Immune -> Endothelial,SELL,143.19204269285697,15.542268184075073,7.104271010769229
Immune -> Endothelial,MNDA,189.3968882319044,90.36202432601786,4.186393425539815
Immune -> Endothelial,SERPINB9,219.42111592714156,62.819679311447615,3.98734994115685
Immune -> Exocrine epithelial,SPIB,271.2402732532168,27.72073497252628,7.1452608986113475
Immune -> Exocrine epithelial,FCGR1A,682.9774359086106,339.11132230194727,6.896338701129678
Immune -> Exocrine epithelial,C1orf162,933.2608707494851,606.454852221035,5.941319092937179
Immune -> Fibroblast / CAF,IL7R,4963.350756216355,2256.2744465853575,18.27029962647038
Immune -> Fibroblast / CAF,CD8A,1978.436644450141,900.9696595579755,12.213414063743617
Immune -> Fibroblast / CAF,PTPRC,4323.860881825173,2438.5218705985094,11.612110627587539
Mural / pericyte -> Ductal/tumor epithelial,TNC,475.7854098029615,46.79901736972707,13.57845911093238
Mural / pericyte -> Ductal/tumor epithelial,ACTG2,549.0400937198308,69.3026796271456,10.075240277218501
Mural / pericyte -> Ductal/tumor epithelial,CAVIN1,341.6444510833935,62.85258534954156,9.232246575553782
Mural / pericyte -> Endothelial,ADAMTS1,2045.613732372683,549.1558425621969,26.674347759256353
Mural / pericyte -> Endothelial,CAVIN1,773.4662356056406,291.17876295468363,9.878340435914245
Mural / pericyte -> Endothelial,TMEM100,72.22884414064904,15.936808006641748,4.425692183086864
Mural / pericyte -> Exocrine epithelial,ADAMTS1,97.31760418177038,35.345731100517476,4.971582972672401
Mural / pericyte -> Exocrine epithelial,MYLK,80.53843979857903,39.876139198044505,3.098714624281088
Mural / pericyte -> Fibroblast / CAF,TNC,467.56305575059685,210.5672240278862,6.800758899359536
Mural / pericyte -> Fibroblast / CAF,PDGFRB,732.5712422412585,311.49760859255446,5.842862630232225
Mural / pericyte -> Fibroblast / CAF,MEDAG,271.39827439966297,137.36851062156128,4.783301582025169
Mural / pericyte -> Immune,TNC,313.30306824545005,117.51646233519726,8.657870061765653
Mural / pericyte -> Immune,PDGFRB,339.4786410030257,173.84518011608048,5.5269278846621255
Mural / pericyte -> Immune,CRISPLD2,223.9197742855701,124.89498447262925,3.5803700728692736
