pair,stratum,totals,rate,excess_rate,lam
epithelial -> endothelial,0,1469178.0,0.005745389598809675,0.0,0.0
epithelial -> endothelial,1,327484.0,0.008421785491810286,0.0026763958930006116,0.027849149176707468
epithelial -> endothelial,2,214203.0,0.010994243778098345,0.0052488541792886706,0.05461677901542096
epithelial -> endothelial,3,131253.0,0.013173032235453666,0.007427642636643992,0.07728809043540258
epithelial -> endothelial,4,80030.0,0.014394602024240909,0.008649212425431235,0.0899990945759575
epithelial -> endothelial,5,39891.0,0.01642996379838485,0.010684574199575175,0.11117798437508694
epithelial -> endothelial,6,21156.0,0.01642996379838485,0.010684574199575175,0.11117798437508694
epithelial -> endothelial,7,12582.0,0.016447168780724646,0.01070177918191497,0.1113570102512724
epithelial -> endothelial,8,3638.0,0.016447168780724646,0.01070177918191497,0.1113570102512724
epithelial -> endothelial,9,257.0,0.016447168780724646,0.01070177918191497,0.1113570102512724
fibroblast -> endothelial,0,378823.0,0.019777046272269633,0.0,0.0
fibroblast -> endothelial,1,532322.0,0.02350269197966644,0.0037256457073968074,0.01816730804034862
fibroblast -> endothelial,2,440078.0,0.02511600216325288,0.005338955890983245,0.026034267319824878
fibroblast -> endothelial,3,343085.0,0.028328256845971116,0.008551210573701482,0.04169813471578578
fibroblast -> endothelial,4,226658.0,0.029087876889410478,0.009310830617140844,0.04540225808301504
fibroblast -> endothelial,5,140367.0,0.03294221576296423,0.013165169490694597,0.06419711060179303
fibroblast -> endothelial,6,87265.0,0.03520311694264596,0.015426070670376327,0.07522190775266471
fibroblast -> endothelial,7,58251.0,0.03664820714575894,0.01687116087348931,0.08226857856570541
fibroblast -> endothelial,8,35287.0,0.03664820714575894,0.01687116087348931,0.08226857856570541
fibroblast -> endothelial,9,25142.0,0.04207072548304776,0.022293679210778124,0.10871032013881862
fibroblast -> endothelial,10,15912.0,0.04207072548304776,0.022293679210778124,0.10871032013881862
fibroblast -> endothelial,11,9039.0,0.04207072548304776,0.022293679210778124,0.10871032013881862
fibroblast -> endothelial,12,4767.0,0.04207072548304776,0.022293679210778124,0.10871032013881862
fibroblast -> endothelial,13,870.0,0.051195814648729444,0.03141876837645981,0.1532068500797775
fibroblast -> endothelial,14,1726.0,0.051195814648729444,0.03141876837645981,0.1532068500797775
fibroblast -> endothelial,15,80.0,0.051195814648729444,0.03141876837645981,0.1532068500797775
immune other -> endothelial,0,40975.0,0.005710799267846248,0.0,0.0
immune other -> endothelial,1,63268.0,0.007981918189290005,0.002271118921443757,0.017646883763625047
immune other -> endothelial,2,103957.0,0.010075760333620518,0.00436496106577427,0.033916304352526176
immune other -> endothelial,3,143270.0,0.010075760333620518,0.00436496106577427,0.033916304352526176
immune other -> endothelial,4,203705.0,0.011300655359465894,0.005589856091619647,0.04343389497256943
immune other -> endothelial,5,249362.0,0.013406212654694782,0.007695413386848534,0.05979434377854231
immune other -> endothelial,6,263053.0,0.013795698965607691,0.008084899697761444,0.06282070210408253
immune other -> endothelial,7,268605.0,0.014880586735168743,0.009169787467322495,0.07125041848100032
immune other -> endothelial,8,245127.0,0.016832091120113246,0.011121291852266998,0.08641385652035578
immune other -> endothelial,9,213521.0,0.017248888868073867,0.011538089600227619,0.08965242819608558
immune other -> endothelial,10,180670.0,0.019754248076603753,0.014043448808757505,0.10911938887419441
immune other -> endothelial,11,128940.0,0.02290542604092436,0.017194626773078113,0.1336044436768341
immune other -> endothelial,12,90423.0,0.02290542604092436,0.017194626773078113,0.1336044436768341
immune other -> endothelial,13,64612.0,0.02290542604092436,0.017194626773078113,0.1336044436768341
immune other -> endothelial,14,30055.0,0.02290542604092436,0.017194626773078113,0.1336044436768341
immune other -> endothelial,15,10129.0,0.02290542604092436,0.017194626773078113,0.1336044436768341
macrophage -> endothelial,0,1395851.0,0.011757701932369573,0.0,0.0
macrophage -> endothelial,1,491081.0,0.013278868455509376,0.0015211665231398032,0.00858987231516413
macrophage -> endothelial,2,216006.0,0.014819032804644316,0.003061330872274743,0.01728702341741798
macrophage -> endothelial,3,112594.0,0.014860956897579214,0.003103254965209641,0.017523764497215433
macrophage -> endothelial,4,46817.0,0.014860956897579214,0.003103254965209641,0.017523764497215433
macrophage -> endothelial,5,22124.0,0.017899114084252394,0.006141412151882821,0.03467992847396001
macrophage -> endothelial,6,7561.0,0.019762235602902578,0.008004533670533005,0.04520078579588315
macrophage -> endothelial,7,1998.0,0.019762235602902578,0.008004533670533005,0.04520078579588315
macrophage -> endothelial,8,3395.0,0.019762235602902578,0.008004533670533005,0.04520078579588315
macrophage -> endothelial,9,1911.0,0.025389755011135856,0.013632053078766283,0.07697881432365741
macrophage -> endothelial,11,334.0,0.025389755011135856,0.013632053078766283,0.07697881432365741
malignant -> endothelial,0,1927459.0,0.00639961732000525,0.0,0.0
malignant -> endothelial,1,150640.0,0.008304567180031863,0.0019049498600266128,0.010553789002533167
malignant -> endothelial,2,44656.0,0.00864385524901469,0.0022442379290094393,0.012433510231033977
malignant -> endothelial,3,38671.0,0.009386879056657443,0.002987261736652193,0.01655000518676518
malignant -> endothelial,4,23446.0,0.010753144287259538,0.004353526967254288,0.024119377624247807
malignant -> endothelial,5,23703.0,0.010753144287259538,0.004353526967254288,0.024119377624247807
malignant -> endothelial,6,27218.0,0.010764934969505474,0.004365317649500224,0.02418470027406169
malignant -> endothelial,7,15199.0,0.014540430291466544,0.008140812971461294,0.04510167128949383
malignant -> endothelial,8,14949.0,0.016903723822457296,0.010504106502452044,0.0581947724784036
malignant -> endothelial,9,13033.0,0.016903723822457296,0.010504106502452044,0.0581947724784036
malignant -> endothelial,10,7632.0,0.02242565740968297,0.01602604008967772,0.08878734774165314
malignant -> endothelial,11,8644.0,0.02242565740968297,0.01602604008967772,0.08878734774165314
malignant -> endothelial,12,2798.0,0.038492597577388966,0.03209298025738372,0.17780128979046125
malignant -> endothelial,13,917.0,0.038492597577388966,0.03209298025738372,0.17780128979046125
malignant -> endothelial,14,707.0,0.04809052333804809,0.041690906018042845,0.23097564648379645
endothelial -> epithelial,0,626275.0,0.005060077442018283,0.0,0.0
endothelial -> epithelial,1,300604.0,0.007737754653963353,0.0026776772119450707,0.03180187277488025
endothelial -> epithelial,2,211673.0,0.00836195452419534,0.0033018770821770568,0.03921528495565419
endothelial -> epithelial,3,175266.0,0.009448495429803841,0.004388417987785559,0.05211976630640096
endothelial -> epithelial,4,99048.0,0.01027784508521121,0.005217767643192928,0.06196967357285491
endothelial -> epithelial,5,55139.0,0.011615263802833918,0.006555186360815635,0.07785374642332564
endothelial -> epithelial,6,35847.0,0.011615263802833918,0.006555186360815635,0.07785374642332564
endothelial -> epithelial,7,18501.0,0.011615263802833918,0.006555186360815635,0.07785374642332564
endothelial -> epithelial,8,6395.0,0.011615263802833918,0.006555186360815635,0.07785374642332564
endothelial -> epithelial,9,3172.0,0.01733921815889029,0.012279140716872007,0.14583522954925388
endothelial -> epithelial,10,110.0,0.02727272727272727,0.02221264983070899,0.2638121804816195
fibroblast -> epithelial,0,490369.0,0.011395500123376479,0.0,0.0
fibroblast -> epithelial,1,391334.0,0.015812579535639634,0.004417079412263155,0.017284803198925364
fibroblast -> epithelial,2,279006.0,0.01727202999218655,0.005876529868810071,0.022995887733642875
fibroblast -> epithelial,3,185000.0,0.020643243243243244,0.009247743119866765,0.03618803397949641
fibroblast -> epithelial,4,88223.0,0.022851183931627807,0.011455683808251328,0.04482809151789443
fibroblast -> epithelial,5,51277.0,0.028550812255007118,0.01715531213163064,0.06713173260777824
fibroblast -> epithelial,6,25660.0,0.03421667965705378,0.0228211795336773,0.08930326131602156
fibroblast -> epithelial,7,12069.0,0.039672729413149685,0.028277229289773206,0.11065373693025622
fibroblast -> epithelial,8,4920.0,0.039672729413149685,0.028277229289773206,0.11065373693025622
fibroblast -> epithelial,9,1166.0,0.05178643115214773,0.040390931028771254,0.15805676753635095
fibroblast -> epithelial,10,1325.0,0.05178643115214773,0.040390931028771254,0.15805676753635095
fibroblast -> epithelial,11,1681.0,0.09875074360499703,0.08735524348162055,0.3418363246497283
malignant -> epithelial,0,1148159.0,0.01381515974703852,0.0,0.0
malignant -> epithelial,1,131342.0,0.018272905848852612,0.004457746101814092,0.0315915824225469
malignant -> epithelial,2,51387.0,0.021698094848891743,0.007882935101853223,0.05586554018867046
malignant -> epithelial,3,28703.0,0.022889593422290352,0.009074433675251832,0.06430956650334795
malignant -> epithelial,4,23525.0,0.026695005313496282,0.012879845566457762,0.09127812430520409
malignant -> epithelial,5,21882.0,0.027648295402614022,0.013833135655575502,0.09803399189728261
malignant -> epithelial,6,28560.0,0.030882352941176472,0.01706719319413795,0.12095342089912207
malignant -> epithelial,7,21745.0,0.03426074959760864,0.02044558985057012,0.14489576619875683
malignant -> epithelial,8,18579.0,0.035425004764627406,0.021609845017588884,0.1531467213293735
malignant -> epithelial,9,13656.0,0.035425004764627406,0.021609845017588884,0.1531467213293735
malignant -> epithelial,10,9741.0,0.035425004764627406,0.021609845017588884,0.1531467213293735
malignant -> epithelial,11,9432.0,0.04643765903307888,0.03262249928604036,0.23119225534290017
malignant -> epithelial,12,7116.0,0.04763064928736752,0.033815489540329,0.23964685304471128
malignant -> epithelial,13,9302.0,0.04763064928736752,0.033815489540329,0.23964685304471128
malignant -> epithelial,14,3780.0,0.057633973710819006,0.043818813963780484,0.3105393715518417
malignant -> epithelial,15,5121.0,0.057633973710819006,0.043818813963780484,0.3105393715518417
endothelial -> fibroblast,0,1705107.0,0.004384475578365464,0.0,0.0
endothelial -> fibroblast,1,839589.0,0.005951721616171722,0.0015672460378062586,0.02638888150280785
endothelial -> fibroblast,2,508208.0,0.007125035418568775,0.0027405598402033115,0.046144834397354124
endothelial -> fibroblast,3,340340.0,0.008858788270552977,0.004474312692187513,0.07533731436700013
endothelial -> fibroblast,4,236912.0,0.009708246099817654,0.005323770521452191,0.08964026454671468
endothelial -> fibroblast,5,138868.0,0.010056961821304734,0.00567248624293927,0.09551184924401558
endothelial -> fibroblast,6,78295.0,0.010056961821304734,0.00567248624293927,0.09551184924401558
endothelial -> fibroblast,7,42291.0,0.01177012951464423,0.007385653936278767,0.12435772166188752
endothelial -> fibroblast,8,27122.0,0.01177012951464423,0.007385653936278767,0.12435772166188752
endothelial -> fibroblast,9,10600.0,0.014622641509433962,0.010238165931068499,0.17238757734505095
endothelial -> fibroblast,10,3958.0,0.014653865588681153,0.010269390010315689,0.17291332027718284
endothelial -> fibroblast,11,1017.0,0.015993265993265993,0.01160879041490053,0.19546579621827795
endothelial -> fibroblast,12,171.0,0.015993265993265993,0.01160879041490053,0.19546579621827795
epithelial -> fibroblast,0,3065440.0,0.005490565791534005,0.0,0.0
epithelial -> fibroblast,1,392981.0,0.007992752830289504,0.002502187038755499,0.023887725616100086
epithelial -> fibroblast,2,196946.0,0.008905994536573477,0.003415428745039472,0.03260620547512004
epithelial -> fibroblast,3,127612.0,0.011119643920634423,0.005629078129100418,0.053739337522273896
epithelial -> fibroblast,4,69818.0,0.01217451087112206,0.006683945079588054,0.06380987656849711
epithelial -> fibroblast,5,39235.0,0.012539824136612717,0.007049258345078712,0.06729742682545257
epithelial -> fibroblast,6,21168.0,0.015164399092970522,0.009673833301436518,0.09235355790010856
epithelial -> fibroblast,7,12237.0,0.017079349513769715,0.01158878372223571,0.11063508902147426
epithelial -> fibroblast,8,4950.0,0.019457463428490272,0.013966897636956268,0.13333832095369963
epithelial -> fibroblast,9,697.0,0.019457463428490272,0.013966897636956268,0.13333832095369963
epithelial -> fibroblast,10,1096.0,0.019457463428490272,0.013966897636956268,0.13333832095369963
epithelial -> fibroblast,12,298.0,0.019457463428490272,0.013966897636956268,0.13333832095369963
immune other -> fibroblast,0,139655.0,0.0075328488059861805,0.0,0.0
immune other -> fibroblast,1,176560.0,0.008852514725872224,0.0013196659198860435,0.009606810104721305
immune other -> fibroblast,2,200753.0,0.011138065184580057,0.0036052163785938764,0.026244997778356805
immune other -> fibroblast,3,236173.0,0.012829578317589225,0.005296729511603045,0.03855875477820757
immune other -> fibroblast,4,261877.0,0.014896306281193079,0.0073634574752068985,0.05360397401534153
immune other -> fibroblast,5,303409.0,0.016736484415426044,0.009203635609439863,0.06699997191757046
immune other -> fibroblast,6,326618.0,0.01856603126588247,0.011033182459896288,0.08031857695629387
immune other -> fibroblast,7,360377.0,0.020489653890231618,0.012956805084245437,0.0943220281228313
immune other -> fibroblast,8,339692.0,0.02298552806660151,0.01545267926061533,0.11249131543740692
immune other -> fibroblast,9,373970.0,0.02443511511618579,0.016902266310199608,0.12304391614169875
immune other -> fibroblast,10,337935.0,0.02728335330758874,0.01975050450160256,0.1437783179516552
immune other -> fibroblast,11,302022.0,0.028127178492407482,0.020594329686421303,0.14992113651655004
immune other -> fibroblast,12,258859.0,0.028127178492407482,0.020594329686421303,0.14992113651655004
immune other -> fibroblast,13,182958.0,0.02942751888411548,0.0218946700781293,0.15938726201573422
immune other -> fibroblast,14,98639.0,0.03182647014131591,0.02429362133532973,0.1768509767568083
immune other -> fibroblast,15,32981.0,0.03182647014131591,0.02429362133532973,0.1768509767568083
macrophage -> fibroblast,0,2556908.0,0.024263289879807956,0.0,0.0
macrophage -> fibroblast,1,848342.0,0.029007169278427804,0.004743879398619848,0.018878794431274593
macrophage -> fibroblast,2,308253.0,0.031225034497784878,0.006961744617976922,0.02770503515836759
macrophage -> fibroblast,3,132355.0,0.031225034497784878,0.006961744617976922,0.02770503515836759
macrophage -> fibroblast,4,53110.0,0.03476685961859441,0.010503569738786453,0.041800121215306726
macrophage -> fibroblast,5,22190.0,0.03476685961859441,0.010503569738786453,0.041800121215306726
macrophage -> fibroblast,6,9177.0,0.03476685961859441,0.010503569738786453,0.041800121215306726
macrophage -> fibroblast,7,2143.0,0.042463835744283716,0.01820054586447576,0.07243109173736345
malignant -> fibroblast,0,2981355.0,0.005370712310342109,0.0,0.0
malignant -> fibroblast,1,234080.0,0.008723513328776487,0.003352801018434378,0.018140747547585958
malignant -> fibroblast,2,109933.0,0.011288694022722931,0.005917981712380822,0.0320199772206172
malignant -> fibroblast,3,96372.0,0.012389490723446644,0.007018778413104535,0.03797597488920812
malignant -> fibroblast,4,104866.0,0.014370720729311693,0.009000008418969583,0.04869566662530855
malignant -> fibroblast,5,84284.0,0.015032509135779033,0.009661796825436924,0.0522763552333218
malignant -> fibroblast,6,85065.0,0.018162581555281256,0.012791869244939146,0.06921200195248386
malignant -> fibroblast,7,59538.0,0.020524706909872688,0.015153994599530578,0.08199257541860762
malignant -> fibroblast,8,49904.0,0.023178595831909805,0.017807883521567695,0.0963517720095498
malignant -> fibroblast,9,43760.0,0.023178595831909805,0.017807883521567695,0.0963517720095498
malignant -> fibroblast,10,25907.0,0.02963551245611102,0.02426480014576891,0.13128772370230538
malignant -> fibroblast,11,21941.0,0.02963551245611102,0.02426480014576891,0.13128772370230538
malignant -> fibroblast,12,14217.0,0.029964127453049168,0.02459341514270706,0.13306573607674368
malignant -> fibroblast,13,11866.0,0.03741854109733025,0.03204782878698814,0.1733987696485748
malignant -> fibroblast,14,7162.0,0.03741854109733025,0.03204782878698814,0.1733987696485748
malignant -> fibroblast,15,2228.0,0.056104129263913824,0.05073341695357171,0.2744994719701333
endothelial -> immune other,0,5562698.0,0.00592518234856539,0.0,0.0
endothelial -> immune other,1,2143857.0,0.0073167193520836515,0.0013915370035182612,0.016140296071886804
endothelial -> immune other,2,1322109.0,0.008958414170087338,0.0030332318215219476,0.03518214717269664
endothelial -> immune other,3,825468.0,0.009924067316964437,0.003998884968399047,0.0463826597382549
endothelial -> immune other,4,464386.0,0.010857347120714234,0.004932164772148843,0.05720767719186834
endothelial -> immune other,5,267487.0,0.011839827729945754,0.0059146453813803635,0.06860336978056086
endothelial -> immune other,6,137777.0,0.013289591150917787,0.007364408802352397,0.08541902814215542
endothelial -> immune other,7,84419.0,0.013740982480247337,0.007815800131681948,0.09065467022802245
endothelial -> immune other,8,34248.0,0.014700132926733911,0.00877495057816852,0.10177975863360185
endothelial -> immune other,9,11509.0,0.014700132926733911,0.00877495057816852,0.10177975863360185
endothelial -> immune other,10,3368.0,0.014700132926733911,0.00877495057816852,0.10177975863360185
endothelial -> immune other,11,1254.0,0.014700132926733911,0.00877495057816852,0.10177975863360185
endothelial -> immune other,12,777.0,0.014700132926733911,0.00877495057816852,0.10177975863360185
epithelial -> immune other,0,8299339.0,0.006557148707866976,0.0,0.0
epithelial -> immune other,1,1200643.0,0.009440774651582527,0.002883625943715551,0.027213153446514562
epithelial -> immune other,2,595143.0,0.010728513987394626,0.004171365279527651,0.03936571720775398
epithelial -> immune other,3,345606.0,0.012742834325792955,0.006185685617925979,0.05837512048307562
epithelial -> immune other,4,187263.0,0.016997484820813508,0.010440336112946532,0.09852681111223462
epithelial -> immune other,5,115086.0,0.018707748987713536,0.01215060027984656,0.11466679671243243
epithelial -> immune other,6,52159.0,0.02062922985486685,0.014072081146999874,0.1328000618109597
epithelial -> immune other,7,24407.0,0.02609906993895194,0.019541921231084964,0.1844196547961402
epithelial -> immune other,8,18820.0,0.031122542715414297,0.02456539400754732,0.23182682138728097
epithelial -> immune other,9,8395.0,0.031122542715414297,0.02456539400754732,0.23182682138728097
epithelial -> immune other,10,6669.0,0.034982235583492755,0.02842508687562578,0.2682512454719458
epithelial -> immune other,11,2022.0,0.034982235583492755,0.02842508687562578,0.2682512454719458
epithelial -> immune other,12,2286.0,0.034982235583492755,0.02842508687562578,0.2682512454719458
epithelial -> immune other,13,333.0,0.05200789993416721,0.04545075122630024,0.428924656499302
epithelial -> immune other,15,1186.0,0.05200789993416721,0.04545075122630024,0.428924656499302
fibroblast -> immune other,0,3118660.0,0.016023869225885477,0.0,0.0
fibroblast -> immune other,1,2237799.0,0.028437764070857123,0.012413894844971646,0.04726641660909683
fibroblast -> immune other,2,1869873.0,0.03476599747683399,0.018742128250948512,0.07136142629799108
fibroblast -> immune other,3,1364590.0,0.040930242783546705,0.02490637355766123,0.09483204453556797
fibroblast -> immune other,4,909460.0,0.04577441558727157,0.029750546361386094,0.11327643227420432
fibroblast -> immune other,5,587086.0,0.05053433398173351,0.03451046475584803,0.13140001787466338
fibroblast -> immune other,6,354067.0,0.05208618707758701,0.03606231785170154,0.13730876254027813
fibroblast -> immune other,7,195032.0,0.06247478822105688,0.0464509189951714,0.17686378985162052
fibroblast -> immune other,8,112445.0,0.06247478822105688,0.0464509189951714,0.17686378985162052
fibroblast -> immune other,9,56739.0,0.06247478822105688,0.0464509189951714,0.17686378985162052
fibroblast -> immune other,10,32424.0,0.06247478822105688,0.0464509189951714,0.17686378985162052
fibroblast -> immune other,11,10265.0,0.06302971261568437,0.04700584338979889,0.17897668737093844
fibroblast -> immune other,12,7693.0,0.09828707520381057,0.0822632059779251,0.3132205495463445
fibroblast -> immune other,13,1914.0,0.09828707520381057,0.0822632059779251,0.3132205495463445
fibroblast -> immune other,14,977.0,0.09828707520381057,0.0822632059779251,0.3132205495463445
fibroblast -> immune other,15,333.0,0.09828707520381057,0.0822632059779251,0.3132205495463445
macrophage -> immune other,0,6543790.0,0.023465911956221087,0.0,0.0
macrophage -> immune other,1,2083654.0,0.03056889483570689,0.007102982879485801,0.04142191590126316
macrophage -> immune other,2,871444.0,0.034127264632036025,0.010661352675814938,0.062172985832014645
macrophage -> immune other,3,470860.0,0.037809539990655394,0.014343628034434307,0.08364662624730267
macrophage -> immune other,4,287693.0,0.038381191061304935,0.014915279105083848,0.0869802795835228
macrophage -> immune other,5,204594.0,0.03941464559077979,0.015948733634558704,0.09300699643389283
macrophage -> immune other,6,138745.0,0.04132040794262856,0.017854495986407475,0.1041206833461986
macrophage -> immune other,7,102718.0,0.04411106135244066,0.020645149396219573,0.12039472100221757
macrophage -> immune other,8,64049.0,0.04502802541803931,0.021562113461818223,0.12574210942397557
macrophage -> immune other,9,44169.0,0.05133461075709639,0.0278686988008753,0.1625197353834897
macrophage -> immune other,10,23154.0,0.05133461075709639,0.0278686988008753,0.1625197353834897
macrophage -> immune other,11,13690.0,0.05559471000373119,0.0321287980475101,0.1873630266766141
macrophage -> immune other,12,7439.0,0.05559471000373119,0.0321287980475101,0.1873630266766141
macrophage -> immune other,13,2992.0,0.05559471000373119,0.0321287980475101,0.1873630266766141
macrophage -> immune other,14,366.0,0.05737704918032787,0.03391113722410678,0.19775695620356504
malignant -> immune other,0,9528580.0,0.008575674444670665,0.0,0.0
malignant -> immune other,1,623672.0,0.012482522864582665,0.003906848419912,0.01883472145534744
malignant -> immune other,2,240103.0,0.016397129565228256,0.007821455120557591,0.03770684519532021
malignant -> immune other,3,117148.0,0.017473623109229352,0.008897948664558687,0.04289656690205516
malignant -> immune other,4,83296.0,0.019712831348444104,0.011137156903773439,0.05369167818694059
malignant -> immune other,5,70980.0,0.021203155818540435,0.01262748137386977,0.06087645815672117
malignant -> immune other,6,43153.0,0.0223854656686673,0.013809791223996634,0.06657631499978617
malignant -> immune other,7,37121.0,0.030361784187138426,0.02178610974246776,0.1050297489156884
malignant -> immune other,8,35631.0,0.030361784187138426,0.02178610974246776,0.1050297489156884
malignant -> immune other,9,22664.0,0.030361784187138426,0.02178610974246776,0.1050297489156884
malignant -> immune other,10,19263.0,0.03436640191039817,0.025790727465727505,0.12433581130815867
malignant -> immune other,11,16460.0,0.04413712711280666,0.03556145266813599,0.17143999038666313
malignant -> immune other,12,8642.0,0.04413712711280666,0.03556145266813599,0.17143999038666313
malignant -> immune other,13,7530.0,0.04413712711280666,0.03556145266813599,0.17143999038666313
malignant -> immune other,14,2884.0,0.04413712711280666,0.03556145266813599,0.17143999038666313
malignant -> immune other,15,2230.0,0.04413712711280666,0.03556145266813599,0.17143999038666313
endothelial -> macrophage,0,1424763.0,0.0049095884719072575,0.0,0.0
endothelial -> macrophage,1,335234.0,0.00602862478149591,0.0011190363095886528,0.010799303927862474
endothelial -> macrophage,2,212515.0,0.006799964866848188,0.0018903763949409307,0.018243151765583342
endothelial -> macrophage,3,140428.0,0.006799964866848188,0.0018903763949409307,0.018243151765583342
endothelial -> macrophage,4,70128.0,0.007272416153319644,0.0023628276814123862,0.02280256149160945
endothelial -> macrophage,5,39604.0,0.009014240985759014,0.004104652513851757,0.039612110559347435
endothelial -> macrophage,6,21277.0,0.01053322892722726,0.005623640455320003,0.05427116344450692
endothelial -> macrophage,7,13156.0,0.01053322892722726,0.005623640455320003,0.05427116344450692
endothelial -> macrophage,8,2685.0,0.01053322892722726,0.005623640455320003,0.05427116344450692
endothelial -> macrophage,9,2471.0,0.01053322892722726,0.005623640455320003,0.05427116344450692
endothelial -> macrophage,10,1277.0,0.012529365700861394,0.007619777228954136,0.0735349599052151
epithelial -> macrophage,0,1487429.0,0.006439298951412134,0.0,0.0
epithelial -> macrophage,1,396314.0,0.006999500396150527,0.0005602014447383926,0.005415716554844391
epithelial -> macrophage,2,190986.0,0.007749259107997445,0.0013099601565853105,0.012663967529606433
epithelial -> macrophage,3,94887.0,0.009554773127378045,0.0031154741759659103,0.030118674682904533
epithelial -> macrophage,4,45985.0,0.009554773127378045,0.0031154741759659103,0.030118674682904533
epithelial -> macrophage,5,26243.0,0.014518157222878482,0.008078858271466347,0.0781019165444207
epithelial -> macrophage,6,10054.0,0.016311915655460512,0.009872616704048378,0.09544297721102211
epithelial -> macrophage,7,4210.0,0.017814726840855107,0.011375427889442973,0.10997132142003706
epithelial -> macrophage,8,2254.0,0.029468960359012714,0.023029661407600578,0.22263798087105466
epithelial -> macrophage,9,2461.0,0.029468960359012714,0.023029661407600578,0.22263798087105466
epithelial -> macrophage,10,1970.0,0.029468960359012714,0.023029661407600578,0.22263798087105466
epithelial -> macrophage,11,86.0,0.032214765100671144,0.025775466149259012,0.24918289669631488
epithelial -> macrophage,12,659.0,0.032214765100671144,0.025775466149259012,0.24918289669631488
fibroblast -> macrophage,0,1417312.0,0.005000310446817638,0.0,0.0
fibroblast -> macrophage,1,335399.0,0.009514041484917963,0.004513731038100325,0.01606123317135661
fibroblast -> macrophage,2,205842.0,0.014250582488711876,0.009250272041894238,0.03291529222925803
fibroblast -> macrophage,3,119057.0,0.014250582488711876,0.009250272041894238,0.03291529222925803
fibroblast -> macrophage,4,74162.0,0.022784558238259485,0.017784247791441846,0.06328178354990024
fibroblast -> macrophage,5,46446.0,0.022784558238259485,0.017784247791441846,0.06328178354990024
fibroblast -> macrophage,6,24860.0,0.035825604378896155,0.030825293932078515,0.10968580742619624
fibroblast -> macrophage,7,17487.0,0.035825604378896155,0.030825293932078515,0.10968580742619624
fibroblast -> macrophage,8,10269.0,0.035825604378896155,0.030825293932078515,0.10968580742619624
fibroblast -> macrophage,9,7165.0,0.037783375314861464,0.032783064868043825,0.11665215416534039
fibroblast -> macrophage,10,2957.0,0.037783375314861464,0.032783064868043825,0.11665215416534039
fibroblast -> macrophage,11,1472.0,0.037783375314861464,0.032783064868043825,0.11665215416534039
fibroblast -> macrophage,12,1110.0,0.037783375314861464,0.032783064868043825,0.11665215416534039
malignant -> macrophage,0,1624116.0,0.007347997310536932,0.0,0.0
malignant -> macrophage,1,359789.0,0.007954662315968525,0.0006066650054315928,0.0029970859225350007
malignant -> macrophage,2,143429.0,0.009625408114129083,0.002277410803592151,0.011251012994262462
malignant -> macrophage,3,45550.0,0.009625408114129083,0.002277410803592151,0.011251012994262462
malignant -> macrophage,4,30990.0,0.010487253952888029,0.003139256642351097,0.015508759868754083
malignant -> macrophage,5,11894.0,0.019533585808251944,0.012185588497715012,0.06020003695173448
malignant -> macrophage,6,12754.0,0.019533585808251944,0.012185588497715012,0.06020003695173448
malignant -> macrophage,7,10471.0,0.019533585808251944,0.012185588497715012,0.06020003695173448
malignant -> macrophage,8,5906.0,0.02634768403857301,0.018999686728036078,0.09386348827663334
malignant -> macrophage,9,4014.0,0.02634768403857301,0.018999686728036078,0.09386348827663334
malignant -> macrophage,10,6395.0,0.02634768403857301,0.018999686728036078,0.09386348827663334
malignant -> macrophage,11,2662.0,0.02634768403857301,0.018999686728036078,0.09386348827663334
malignant -> macrophage,12,1419.0,0.031007751937984496,0.023659754627447564,0.11688545884414167
malignant -> macrophage,13,3285.0,0.049168474331164135,0.0418204770206272,0.20660424094027208
malignant -> macrophage,14,740.0,0.049168474331164135,0.0418204770206272,0.20660424094027208
malignant -> macrophage,15,124.0,0.049168474331164135,0.0418204770206272,0.20660424094027208
endothelial -> malignant,0,7872473.0,0.00409502833480661,0.0,0.0
endothelial -> malignant,1,919687.0,0.005172411918402674,0.0010773835835960642,0.009331559522303207
endothelial -> malignant,2,360908.0,0.005209083755416893,0.0011140554206102828,0.00964918588593145
endothelial -> malignant,3,136897.0,0.006002248074463314,0.0019072197396567039,0.016519032583840434
endothelial -> malignant,4,43702.0,0.006002248074463314,0.0019072197396567039,0.016519032583840434
endothelial -> malignant,5,19580.0,0.006486210418794688,0.002391182083988078,0.020710783313518173
endothelial -> malignant,6,3557.0,0.0073355418835778525,0.0032405135487712424,0.02806711140173281
endothelial -> malignant,7,614.0,0.0073355418835778525,0.0032405135487712424,0.02806711140173281
endothelial -> malignant,8,55.0,0.0073355418835778525,0.0032405135487712424,0.02806711140173281
endothelial -> malignant,9,202.0,0.009900990099009901,0.005805961764203291,0.05028726872377552
endothelial -> malignant,10,324.0,0.021604938271604937,0.017509909936798327,0.1516588606817518
epithelial -> malignant,0,8194123.0,0.007635350360252098,0.0,0.0
epithelial -> malignant,1,749280.0,0.010149743754003843,0.002514393393751745,0.03668244171446304
epithelial -> malignant,2,233074.0,0.012571114753254332,0.004935764393002234,0.07200778132512974
epithelial -> malignant,3,92812.0,0.014028358401930785,0.006393008041678687,0.09326748370073314
epithelial -> malignant,4,42255.0,0.014388829724292984,0.006753479364040886,0.09852639358537799
epithelial -> malignant,5,25356.0,0.015804182326298544,0.008168831966046446,0.1191749482059477
epithelial -> malignant,6,11331.0,0.015804182326298544,0.008168831966046446,0.1191749482059477
epithelial -> malignant,7,4821.0,0.015804182326298544,0.008168831966046446,0.1191749482059477
epithelial -> malignant,8,4800.0,0.015833333333333335,0.008197982973081237,0.11960023174317339
epithelial -> malignant,9,35.0,0.02857142857142857,0.020936078211176472,0.30543608276229295
epithelial -> malignant,10,112.0,0.08035714285714286,0.07272179249689076,0.6
fibroblast -> malignant,0,5901260.0,0.004110308645950187,0.0,0.0
fibroblast -> malignant,1,1364904.0,0.00560478978741362,0.0014944811414634336,0.005302745361507597
fibroblast -> malignant,2,916410.0,0.006581115439595814,0.0024708067936456274,0.008766961924561952
fibroblast -> malignant,3,522283.0,0.008788338889069719,0.004678030243119532,0.016598672599109077
fibroblast -> malignant,4,298311.0,0.011203073302694167,0.007092764656743981,0.02516667747776623
fibroblast -> malignant,5,169772.0,0.01358292297905426,0.009472614333104073,0.033610903692655944
fibroblast -> malignant,6,99234.0,0.01637543583852309,0.012265127192572903,0.04351934897286758
fibroblast -> malignant,7,43925.0,0.02033010813887308,0.016219799492922893,0.05755138966923162
fibroblast -> malignant,8,18092.0,0.023656864912668583,0.019546556266718397,0.06935544899234468
fibroblast -> malignant,9,14381.0,0.03636742924692302,0.032257120600972834,0.11445530619068373
fibroblast -> malignant,10,4299.0,0.051694915254237285,0.047584606608287096,0.1688405728052019
fibroblast -> malignant,11,1601.0,0.051694915254237285,0.047584606608287096,0.1688405728052019
fibroblast -> malignant,12,3343.0,0.06371522584504935,0.05960491719909916,0.2114912590272394
fibroblast -> malignant,13,57.0,0.10526315789473684,0.10115284924878665,0.3589123925859888
fibroblast -> malignant,15,127.0,0.13385826771653545,0.12974795907058526,0.4603740850506126
immune other -> malignant,0,6015126.0,0.005196732371025977,0.0,0.0
immune other -> malignant,1,1440207.0,0.005815136296379617,0.0006184039253536401,0.0055047268473640285
immune other -> malignant,2,748507.0,0.0062123667514131465,0.0010156343803871693,0.009040676508684896
immune other -> malignant,3,408842.0,0.006604018178171519,0.0014072858071455417,0.012526964410968743
immune other -> malignant,4,252985.0,0.006862066920963693,0.0016653345499377161,0.01482398709167747
immune other -> malignant,5,157038.0,0.008513862886689845,0.003317130515663868,0.02952746038172912
immune other -> malignant,6,103203.0,0.00937512881968777,0.0041783964486617935,0.0371940250811406
immune other -> malignant,7,66608.0,0.00937512881968777,0.0041783964486617935,0.0371940250811406
immune other -> malignant,8,52061.0,0.00939282764449396,0.004196095273467982,0.03735157129338643
immune other -> malignant,9,38323.0,0.009548052353365713,0.004351319982339736,0.038733305120208394
immune other -> malignant,10,33838.0,0.009548052353365713,0.004351319982339736,0.038733305120208394
immune other -> malignant,11,19681.0,0.009548052353365713,0.004351319982339736,0.038733305120208394
immune other -> malignant,12,10692.0,0.009548052353365713,0.004351319982339736,0.038733305120208394
immune other -> malignant,13,6684.0,0.013312139876813034,0.008115407505787056,0.07223935641879832
immune other -> malignant,14,3382.0,0.013312139876813034,0.008115407505787056,0.07223935641879832
immune other -> malignant,15,822.0,0.01824817518248175,0.013051442811455774,0.11617750906088094
macrophage -> malignant,0,8663353.0,0.006312336574534132,0.0,0.0
macrophage -> malignant,1,396934.0,0.00827341573158258,0.001961079157048448,0.009869323167404121
macrophage -> malignant,2,135814.0,0.009115407837189097,0.0028030712626549645,0.014106731007249147
macrophage -> malignant,3,59000.0,0.009627118644067796,0.003314782069533664,0.016681965822828923
macrophage -> malignant,4,37863.0,0.010168238121649104,0.0038559015471149715,0.019405202657625836
macrophage -> malignant,5,25649.0,0.012203204803306172,0.00589086822877204,0.029646372038264673
macrophage -> malignant,6,14951.0,0.014321951219512194,0.008009614644978062,0.04030917114872402
macrophage -> malignant,7,10674.0,0.014321951219512194,0.008009614644978062,0.04030917114872402
macrophage -> malignant,8,7736.0,0.017838676318510858,0.011526339743976726,0.058007435070500844
macrophage -> malignant,9,3116.0,0.018423236514522823,0.01211089993998869,0.0609492915807328
macrophage -> malignant,10,1757.0,0.018423236514522823,0.01211089993998869,0.0609492915807328
macrophage -> malignant,11,797.0,0.018423236514522823,0.01211089993998869,0.0609492915807328
macrophage -> malignant,12,194.0,0.018423236514522823,0.01211089993998869,0.0609492915807328
macrophage -> malignant,13,161.0,0.018423236514522823,0.01211089993998869,0.0609492915807328
