LAMP3,HES4,FBLN1,SOX2,PDGFRB,PGR,CLEC10A,APCDD1,MCF2L,ADGRL4,MMRN2,VCAN,FGL2,PDPN,CSF2RA,TNC,CFHR1,VWA5A,THY1,SFRP2,MS4A6A,THBS2,SEMA3C,CTSK,ECSCR,CAVIN1,CXCR4,GPC1,PDGFRA,CD14,PCNA,LTBP2,BANK1,AHSP,SLAMF7,NTN4,CD3D,NPDC1,GNG11,STC2,ASPN,IRF8,PRDM1,GLIPR1,FHL2,SLC26A2,SFTA2,CD86,SNAI1,VWF,SELL,FCGR1A,INMT,SRPX,TCF4,MEDAG,ACTA2,HPGDS,VSIG4,PMP22,PLA2G7,APOLD1,CD34,PTPRC,MFAP5,BASP1,SLC22A8,CFB,FCGR3A,LILRB4,PTGDS,PLD4,LILRB2,CFHR3,LY86,MNDA,CD28,MRC1,CYP2F1,MS4A4A,CXCL10,TCIM,C15orf48,BCL2L11,THAP2,CYTIP,CLEC14A,GPR183,FBN1,CD93,IGF1,PECAM1,FAS,KCNMA1,MYLK,FGFBP2,EDN1,PCOLCE,SMYD2,CD83,FSTL3,ACTG2,FCN1,TMC5,CD3E,CTLA4,CRISPLD2,SFRP4,FKBP11,COL5A2,MDM2,AR,AIF1,CD4,IL7R,SLC18A2,SCGB2A1,CAV1,MEF2C,CLEC4E,DST,CD68,PPP1R1B,DPEP1,MYC,CNN1,GNLY,TREM2,HAVCR2,UBE2C,RIDA,S100A1,RAPGEF3,GPRC5A,IL2RA,PLAC9,PPARG,LILRA4,MTRNR2L11,KLRD1,MS4A1,C1orf194,PTN,EPCAM,SNCG,STC1,CD1C,ALDH1A3,MYH11,CD163,GEM,C5orf46,MAMDC2,GKN2,PPP1R1A,SERPINB9,MEST,STEAP4,FGFBP1,TMEM52B,MET,RGS16,CCR7,EGFL7,TNFRSF9,ANPEP,KIT,TBX3,MKI67,MPEG1,CYP2A7,CFTR,CLECL1,UMOD,GDF15,PCP4,MLANA,RTKN2,PRF1,CAPN8,KRT20,GATA2,GHRL,ADGRE1,CD69,LAG3,HLA-DQB2,ADAM28,C1orf162,DNAAF1,IGSF6,TRAC,AQP9,CD1E,CD247,IL1R2,CTSG,PDCD1,LIF,MALL,DPT,CD300E,SNCA,IL3RA,KRT7,DERL3,TIMP4,PLIN4,CD19,NAT8,FOXI1,CCL5,SLC4A1,KLK11,SOX18,CA4,SERPINB2,RND1,GZMB,CXCL9,GYPA,ARFGEF3,SMIM24,TAC1,TENT5C,FCER1A,EHF,SERPINB3,ADAMTS1,PLCG2,CAVIN2,BAMBI,TM4SF18,CD79A,TFPI,CLIC6,CCR2,AMY2A,CD8A,ELF5,SPI1,AGER,ALAS2,TOP2A,RAMP2,CCDC39,APOA5,MZB1,DES,CPA3,KCNK3,C7,CD27,ERBB2,CD2,FOXP3,CDK1,CXCL2,TMEM100,OGN,KLRC1,GZMA,FXYD2,TMEM174,CXCL6,S100A12,LPL,LGR5,ANGPT2,PRG4,CYP4B1,TCL1A,KNG1,MLPH,SLAMF1,LGI4,TM4SF4,TNFRSF17,GPC3,LYVE1,HAMP,COCH,CHGA,EDNRB,BTNL9,FOXA1,MS4A2,ADIPOQ,CLCA1,CENPF,UPK3B,NKG7,GYPB,GZMK,ERG,GPX2,SH2D3C,EGFR,KLRB1,SPDEF,CYP2B6,MMRN1,MCEMP1,CCNB2,TNFRSF13B,ESR1,MYBPC1,CCL19,ACKR1,PROX1,RBP5,SOX17,AGR3,DUSP2,HMGCS2,TCF15,SST,CFAP53,LILRA5,SCGN,C20orf85,CD1A,PPY,SELE,GATM,TAT,PCSK2,CD274,HIGD1B,AQP8,FOXJ1,COL17A1,CRHBP,DMBT1,ADH1C,PVALB,DNASE1L3,OPRPN,ASCL3,SNTN,CD70,C6orf118,SLC26A3,CDH16,APOBEC3A,CYP1A1,AQP3,SPIB,ACE2,FCN2,AQP2,HEPACAM2,BMX,IL1RL1,ASCL1,INS,CSF3,RERGL,CLCA2,TFF2,DIRAS3,HPX,LY6D,CCL27,TSPAN19,PEBP4,HEMGN,ADH4,RETN,ABCC11,CD5L,MARCO,CYP3A4,CCDC78,GCG,BBOX1,GLYATL1
0.00013999657,0,0.00014682105,0,0,0,0,0.00013343547,0.00021348103,0,0.00021080988,0,0.00019430314,4.2492327e-05,7.0815865e-05,0,0,0.00017761617,7.8706357e-05,0,0.00029766498,0,0,0,7.2236446e-06,0,8.6587836e-05,9.4999316e-05,0.00013149188,9.9503813e-05,0.00018405911,6.1068677e-05,0,0,2.6911703e-05,0.0011761837,4.2596111e-05,4.3974483e-05,0.00023346268,9.4660619e-05,5.6206511e-05,3.7558188e-05,2.2680629e-05,0.00012404011,0,8.1793994e-05,0,4.2774609e-05,0,0,0,0.00015702152,0.00010216963,8.2844214e-05,5.2383257e-05,4.2843363e-05,0,0,7.2438417e-05,6.5541111e-05,2.2401137e-05,0.00021606391,0,4.4434338e-05,4.7300182e-05,0,0,0.0014091163,0.00012435526,0,9.8215901e-05,0,4.2197757e-05,5.487886e-05,3.6535236e-05,4.719098e-05,3.268217e-05,5.7117102e-05,0,6.3051911e-05,0,0.0010037515,0,0.00029378869,7.6064781e-05,9.452614e-05,3.6619356e-06,7.0459547e-05,0,0.00015274877,0.00011333581,0.00038097552,8.1033493e-05,8.0729533e-05,0,0,4.8355981e-05,3.818886e-05,0.00054463207,5.0107296e-05,0.00020679063,0,0,0,4.2677906e-05,2.5786392e-05,0.0001437118,0.00015386002,0.0015696396,0,2.6647254e-19,0,0.00024245352,2.6393394e-05,0,0,0,4.0970686e-05,4.6535418e-05,3.893371e-05,0.00040308534,6.729497e-05,0.0010948272,0.00035950885,0.0013823962,2.9186551e-05,0,4.5597373e-05,6.3729411e-05,0,0.00027909108,0,2.118184e-05,0,3.3780384e-05,0,0,0,7.3557247e-05,0,0,0,5.7775801e-05,0.0018319279,0,0.00010276783,0,0.00011729684,0,0.00017378898,2.0183307e-05,8.7863246e-06,0,0,0,0,0.00035893885,0.00010450036,0,0,6.0734754e-05,4.3204936e-05,0,3.0003628e-05,0,0.0035632418,6.8287541e-05,2.6432122e-05,0,3.9405022e-05,9.4514528e-05,0.017655017,0,0,0.00011443665,0,0,0,0,0,0,0,0,0,7.7327058e-05,0,1.7405538e-05,6.435678e-05,0.00024634854,0,3.5774538e-05,3.8809544e-05,0,0,0,3.0087671e-05,0,0,0,0,0.00010606985,0,0,2.282739e-05,4.3562568e-05,0,0,0,0,0,0,9.2075778e-05,0,0.00020139281,0,0.00015694446,0,2.9489541e-05,0,3.6152357e-05,0,0.00010634561,1.1197741e-05,0,0.0005554898,0,0.00069823279,0,3.4284642e-05,3.8711064e-05,0,3.8727729e-05,0.00022576467,0,0.00022842543,2.8010582e-05,0,0,9.6147159e-05,0,1.9962902e-05,0,0,2.0051716e-05,0,0,0,3.1437053e-05,0,0.00030575544,0.00062031293,0.0002622276,0,0.00010632444,3.9689675e-05,0,5.1051706e-06,0.00051974669,2.8095332e-05,6.7514165e-05,0,0,0.0013994324,0,4.3473486e-19,0,0,0,0,0,0,0,0,2.8020763e-05,0,0,8.9119489e-05,0,0.00036732252,0,0,0.00011358383,0,5.4184394e-05,0,0,0,0,0,5.2258236e-06,0,0,0,3.8795615e-05,2.3354483e-05,0,0,0.00018448307,6.1081039e-05,0,0,1.87011e-05,0,0,0,0,0,0,3.5796645e-05,0.0016282537,0,4.614951e-05,0,0,0,0,1.7168787e-05,0,0,0.00010978136,0,0,0,0,0.064710676,0,0,0,0,0.0057981343,4.0937339e-06,0,0,0,0,0,0,0,0,0,0,0,0,0,0,0,7.6770628e-05,7.6001799e-05,0,0,0,0,0,0,0,0,0,0,0,0,0,0,0,0,0,0,0,0,0,0,0,0,0,0,0.00023917385,0,0
3.9088983e-05,0,8.4262853e-05,0,0,0,0,3.8735051e-05,0.00012835258,0,4.4559089e-05,0,3.0841758e-05,1.430105e-06,2.7664917e-05,0,0,5.4693338e-05,1.854265e-05,0,6.7476328e-05,0,0,0,9.2102201e-06,0,0,1.7166629e-05,7.0587335e-05,8.1475372e-05,6.9773709e-05,8.4236332e-05,0,0,1.4169374e-05,0.00020620379,2.435814e-05,8.4323478e-05,4.5073976e-05,3.0714714e-05,0.00014096403,2.0668863e-05,8.2715699e-06,2.7488093e-05,0,5.6721554e-05,0,2.1944982e-05,0,0,0,6.1283638e-05,5.3330097e-05,5.1670261e-05,2.1334196e-05,1.6632492e-05,0,0,2.0938874e-05,0,2.2485828e-05,3.5284037e-05,0,7.9061489e-05,2.1512259e-05,0,0,0.0002594763,4.0877885e-05,0,3.7619716e-05,0,2.6318271e-05,1.7765327e-05,2.2575368e-05,3.3511668e-05,1.9450777e-05,8.0984848e-05,0,5.4479577e-05,0,0.00022597594,0,9.1990294e-05,3.1878731e-05,2.9868744e-05,1.3964128e-06,2.44177e-05,0,0,3.7767428e-05,5.6867328e-05,3.2410665e-05,0.00022274124,0,0,2.3556948e-05,3.9574687e-05,0.00012060361,1.841038e-05,5.5517736e-06,0,0,0,2.1278198e-05,1.9776405e-05,3.6157321e-05,9.1738473e-05,0.00028113376,0,1.6090554e-20,0,9.3091832e-05,3.0652154e-05,0,0,0,1.6298967e-05,2.6268499e-05,1.8924041e-05,0.00014461306,2.162544e-05,0.00017085169,8.3462491e-05,0.00028555598,8.3884307e-06,0,2.6174482e-05,3.4143672e-05,2.1168953e-06,7.8039475e-05,0,1.9694316e-05,0,2.1314086e-05,0,0,0,3.2185696e-05,0,0,0,2.7998782e-05,0.00037516886,0,2.2250424e-06,0,4.0073701e-05,3.3029794e-21,5.7841573e-05,4.0756749e-05,1.3379175e-05,0,0,0,3.0139564e-05,0.00016557255,2.9975196e-05,0,0,4.2550806e-05,2.6904045e-05,0,3.0169458e-05,0,0.00073199719,3.1695502e-05,1.1385974e-05,0,2.1916123e-05,2.4900423e-05,0.0027156767,0,0,4.5599383e-05,0,0,1.6702177e-05,0,0,0,0,0,0,2.8884406e-05,0,2.0286353e-05,2.4769832e-05,4.7890948e-05,0,2.4678828e-05,2.3370954e-05,0,0,0,1.6693481e-05,0,0,0,0,3.5348251e-05,0,0,1.7973265e-05,2.1939658e-05,0,0,0,0,0,0,2.0710798e-05,0,4.8661514e-05,0,3.103333e-05,0,1.5278454e-05,0,1.9180356e-05,0,8.1143398e-05,6.4240374e-05,0,0.00015439676,0,0.00012326924,0,0,1.9793907e-05,0,1.9978585e-05,6.2067756e-05,0,6.640622e-05,2.6063497e-05,0,0,3.1817723e-05,0,2.2668292e-05,0,0,1.2329831e-05,0,0,0,2.4498261e-05,0,7.715602e-05,0.00018035313,0.00011041136,0,3.0276373e-05,2.827423e-05,0,1.5115889e-05,0.00011909694,1.6621248e-05,4.5937764e-05,0,0,0.00024329977,0,0,0,0,0,0,0,0,0,0,2.0236996e-05,0,0,0.00034268701,0,9.1549961e-05,0,0,3.4599343e-05,0.00034023831,4.0931891e-05,0,0,0,0,0,1.2348893e-05,0,0,0,3.0356228e-05,1.7038727e-05,0,0,4.426238e-05,2.7889968e-05,0,0,5.3949085e-05,0,7.1461127e-06,0,0,0,0,9.0319732e-06,0.00025441542,0,2.3038477e-05,0,0,0,0,0.0011352723,0,0,0.00080989664,0,0,0,0,0,0,0,0,0,0.0011313432,1.3690084e-05,0,0,0,0,0,0,0,0,0,0,0,0,0,0,0,4.1835574e-05,2.5052249e-05,0,0,0,0,0,0,0,0.0050116571,0,0,0,0,0,0,0,0,0,0,0,0,0,0,0,0,0,0,0.0013870789,0,0
6.2608337e-05,0,0.00025128333,0,0,0,0,0.0010693069,0.00063808969,4.4055687e-05,0.00018997245,0,0.0002404832,0.0002509603,9.1827194e-05,0.0001183567,0,0.00029700579,7.1582763e-05,0,0.00022134592,0,0,9.8474331e-05,6.0598148e-05,8.3181071e-05,0,0.00072151854,0.00017871482,0.00028189555,0.00043927082,0.00038677964,0,0,6.0986444e-05,0.0020870687,7.8910473e-05,0.00011421196,0.00065979188,4.8939764e-05,0.0001040317,8.0511323e-05,0,0.00024894374,0,0.00032142008,0,0.00010515091,0,4.3184459e-05,0,0.00027869049,0.00014203906,0.00015390083,0.00013225151,4.9048396e-05,0,0,0.00017878054,0.00035139472,0.00015374153,0,3.1722797e-20,0.00021399735,2.6932829e-05,9.4258815e-05,0,0.0094534495,0.00019209043,0,8.1829938e-05,0,9.1777287e-05,0.00018570587,8.394062e-05,9.4576123e-05,8.0146002e-05,5.692537e-05,0,0.00018217965,0,0.0018802749,0,0.00087001792,8.4758456e-05,8.2213805e-05,5.8345715e-05,0.00013071586,0,0.00010224962,7.3100666e-05,0,0.00021528798,0.00012899769,0.00064194807,0,0.00086897127,0.00014461728,0.00065312473,0.00010754781,0.0035330952,0.00013446804,0,0.001605872,8.1785232e-05,9.5754232e-05,3.0527881e-05,0.00013868336,0,0,8.3946242e-19,0,0.00040306232,0.00010189726,0,0,0,0.00019180749,0.00012340246,5.9018282e-05,0.0032394324,0.00013850692,0.0041165129,0,0,8.158119e-05,0,0.0001035191,0.00015808811,8.6107237e-05,0.00021033414,0,7.7224224e-05,7.2162896e-21,0.00011309377,0,4.1738098e-05,0,0.00020884875,0,0,0,0.00010577613,0.0051537316,0,0.00027918918,0,0.00027082172,0,0.00013579751,9.0098633e-05,0.00035308934,0,0,0,0.00016747453,0.00034806171,0.00027774576,0,0,0.00040411417,0.00011960956,0,8.0184794e-05,0,0,0.00020879548,6.16335e-05,0,0.00016596943,0.00011280187,0,0,0,0.00015651723,0,0,8.5960212e-05,0,8.4278504e-05,0,0,0,0,7.4294235e-05,0,9.243411e-05,0.00050527674,0.000300491,0,0.00012998538,6.8345479e-05,0,0,0,0.00012477656,0,0,2.9863103e-05,0,8.2122211e-05,0,0,6.6426144e-05,0.00067986884,0,0,0,0,0,0,0.00010824007,0,3.0445216e-05,0,0.00048881792,0,0.00014299506,0,0.00010244901,0,0.00017001705,7.7306881e-05,0,3.5847335e-05,0,0.00277331,0,0.00035006589,0.00014565909,0,0.00084839881,0.00085331268,0,0.0010717755,0.00019190491,0,0.08200986,0.00012237301,0,0.00010316217,0,0,6.2935723e-05,0,0,0,9.0022127e-05,0,7.4834349e-05,0,0.0001775224,0,0.00082125576,7.4721899e-05,0,6.9153905e-05,0.0015351215,0.00010297868,0.00013894498,0,0,0.0053810557,0,0.0071406533,0,0,0,0,0,0,0,0,0.00014199494,0,0,0.00078481567,0,2.9167614e-05,0,0,4.8178831e-05,7.197309e-05,7.3740629e-05,0,0,0,0,0,4.4097294e-05,0,0,0,7.2649265e-05,5.7624181e-05,0.00068522898,0,0.00037628585,9.0199421e-05,0,0,7.2270935e-05,0,2.4710773e-05,0,0,0,0,4.6741996e-05,0.0039815636,0,6.4398586e-05,0,0,0,0,0.00012641551,0,0,9.5033741e-05,0,0,0,0,9.8300138e-19,0,0,0,0,0,5.9946022e-05,0,0,0.00017525435,0,0,0,0,0,0,0,0,0,0,0,0,8.8382799e-05,0.00021600514,0,0,0,0,0,0,0,0,0,0,0,0,0,0,0,0,0,0,0,0,0,0,0,0,0,0,0.00039861075,0,0
0,0,0.003776958,0,0.0047955223,0,0,0.0013595996,0,6.8553224e-05,0,0.012443868,6.8361646e-05,0.0018801567,0,0.00075710691,0,0,0.0025549611,0.013021662,0.00020997685,0.0084851963,0.0024651295,0.0049524611,0,0.0029755533,0.00033462079,0.00035290754,0.0018120652,0,0,0.0051004311,0,0,1.3251905e-05,0,0,0,0.00020310422,0,0.0026925916,0,0.00041943533,0.00048141448,0.0013742626,0,0,0,0,7.7322293e-05,0,0,0.00076543758,0.000668407,0.000610041,0.00018198486,0.0044643449,0,2.5242982e-05,0.0028775628,4.1604699e-05,0,0,0.0001942008,0.00048919197,0.0034514067,0,0,5.2342712e-05,0,0.00046529016,0,0,9.0590826e-05,0,5.718181e-05,0,9.1992252e-05,0,9.3814247e-05,0,0,0,0,0,0,0,0,0.011230781,0,0.0005209245,0,0.00022605549,2.4204724e-05,0.0045398364,0,0,0.00054144572,0,0,0.00041235306,0.0010886697,0,0,0,0,0.0025271903,0.0041276908,0,0.0098631665,7.7836857e-20,0,0.00012087971,5.4767385e-06,0,0,0,8.2981892e-05,4.9493141e-05,2.8875308e-06,0.00018663071,4.0451605e-05,0,0,0,0.00018965273,0,0,0,0,0,0,0,0,3.6112182e-05,0,0,0,0,0,0,0,8.5861574e-05,0,0,0,0,6.4139371e-05,0,8.6259648e-05,0.00232632,9.4720293e-05,0,0,0,7.2338255e-05,0.00019343699,0,0,0,0,0.00049790905,0,0,0,0,0,0.00022926279,0,9.6208483e-05,0,0,0,0,0,0,0,9.6228343e-05,0,0,0,0,0,0,0,0,0,0,4.9139375e-05,0,0,0.00018609424,0,0,0,1.3084261e-06,0,0,0.00027441219,5.4466242e-05,5.6489248e-05,0,0,0,0,0,0,0,0,0,0,0,0,0,0,0,0,0,0,2.791172e-06,0,0,0,0,0,0,0,0.00018232014,0.00018767575,0,0,0,0,0,0,2.0878747e-05,0,0,0,0,2.1755541e-05,0,0,0,0,0,0,1.6395541e-05,0,0,0,0.0011131045,0,0,0,0,0,0,0.00016100157,0.00014059924,0,0,0,0,0,0,0,0,0,0,0,0,0,0,0,0,0,0,0,0,0,0,1.7857148e-05,7.2919211e-05,0,0,0,0,0,0,0,0,0,0,5.1318239e-05,0,0,0,0,0,0,0,0,0,0,0,0,0,0,0,0,0,0,0,0,0,0,0,0,0,0,0,0,0,0,0,0,0,0,0,0,0,0,0,0,0,0,0,0,0,0,0,0,0,0,0,0,0,0,0,0,0,0,0,0,8.4054985e-20,0,0,0,0,0,0,0,0,0,0,0,0,0,0,0,0,0,0,0,0,0
0,0,0,0,0,0,0,0,0,3.7235632e-05,0,0.0033785265,0,0,0,0.00055594035,0,0,0,0,0,0,0.0011737342,0.00042505809,2.0612462e-05,0.00037373211,0.00019708581,0.0001133679,0,0,0,7.772021e-05,0,0,0,0,0,0.00021448211,0,0,0,6.4305832e-06,0.00025118547,0,0.0039396478,0.00020720384,0,0,0,7.9144949e-05,0,0,0,0,0,0,0,0,0,0,0,0,0,0,0,0.00042054777,0,0,0,0,0,0,0,0,0,0,0,0,0,0,0,0,0.0012271631,0,0,0,0,0,0,0,0,0,0,0,5.6845394e-05,0,0.00022525949,0,0,0,0.00037933171,0.0015655324,0,0.002846605,0,0,0,0,0,9.5692273e-05,1.4499771e-18,0,0,0,2.8349981e-20,0,0,0,0,0,0.00020343749,0,0,0,0,0,0,0,0,0.00052799888,0,0,0,0.013478184,0,0,0.0005434386,0,0,0,0,0,0,0,0,0,0,0,0,0,3.564953e-05,6.7564834e-05,0,0,0,0.00027774005,0,0,0,0,0.00085597267,0,0,0,0,0,0,6.0249488e-05,0.0013880925,0,0,0,0,0,5.0222161e-05,0,0,0.00021982288,0,0.00102571,0,0,0,0,0,0,2.0777401e-05,3.7701636e-05,0,0,0,0,0,0,0,0,0,0,0.001345601,0.00438774,0,0,0,0,0.00014774916,0,0,0,0,0,0,0,0,0,0,0,0,7.8592491e-05,0,0,0,0.00014316923,0.00015905266,0,0,0,0.00073723646,0.0014809728,0,0,0,0.0005729312,0,0,0.00017067,0,0,0,0,0,0,0,0,5.7964624e-05,0,0,0,1.2389059e-05,0,0,0,0,0,2.6340558e-07,0,0,0.00026963019,0,0,0,0,0,0,0,0,0,0,0,0,0,0,0,0,7.1057305e-05,0,0,1.4891536e-05,0,0,0,0,0,9.4684396e-06,0,0,0,0,0,0,0.00026681494,0,0,0,0,0,0.0035397553,0,0,0,0,0,0,0,0.00025804185,0,0,0,0,0,0,0,0,0,0,0,0,0,0,0,0,0,0,0,0,0,0,0,0,0,0,0.00011793477,0.00096243467,0,0.00093630705,0,0,0,0,0,0,0,0,0,0,0,0,0,0,0,0,0,0,0,0,0,0,0,0,0,0,0,0,0,0,0,0,0,0,0,0,0,0,0,0,0,0,0
0.00023541832,0,0.00067142776,0,0.00088717659,0,0,0.00066674746,0.0007804468,0.0027642025,0.001357529,0,0.00054980279,0.00030840654,0.00026796831,0,0,0.00031986464,0.00045824508,0,0.001053043,0,0,3.0505257e-05,0.0012022839,0.001542089,0.0013156409,6.6659009e-05,0.00027853856,0.00053065528,0.00037629725,0.00030362414,0,0,0.00016190332,0.0011912197,0.00012336497,0.00053551592,0.0014049851,0.00035554835,0.00087852418,0.00017079085,0.00044795242,0.00037734628,0,0.00046397059,0,0.00020938461,0,0.0019769083,0,0.0005008249,0.00043537352,0.00032837364,0.00093060946,0.00016709286,0.00072578616,0,0.00029182899,0.00088035329,0.00023410827,0.0029428564,0.0039150603,0.0010425137,8.811293e-05,0.00018089826,0,0,0.00050653501,0,0.00033548213,0,0.00021077948,0.00025445211,0.00016714471,0.00024162359,0.00011227863,0.00038825884,0,0.00051761326,0,0.0028845313,0,0.0004862293,0.00016864097,0.00040341922,0.0015960097,0.00031325804,0,0.0042962212,0.00033733695,0.0054998605,0.00021354649,0.0003929375,0.00072101918,0,0.00030524605,0.00024098451,0.00079323019,0.00013184173,3.4651812e-05,5.4813884e-05,0,0,0.00015398515,0.00015141025,0.00067135516,0.00064435078,0.0018884157,0,1.078775e-20,0,0.00092102981,0.000375926,0,0,0,0.00033169166,0.00031475858,0.0001724049,0.00071810719,0.00033531363,0.00022272972,0.0005044709,0.0019966427,0.00015054651,0,0.00017716484,0.00026352151,0,0.00044789622,0,0.00027089214,0,0.00020278925,0,0.0002316781,0,0.00017791646,0,0,0,0.00018851108,0,0,0.0023125975,0,0.00021023891,0,0.00064784887,0.00027991714,0.0001101043,0,0,0,0.00030801941,0.00059189867,0.00050325571,0,0,2.3048023e-05,0.00012570216,0,0.00041326731,0,0.0037324532,0.0002923748,0.00017354679,0,0.00036914377,0.00015279862,0.0095609895,0,0,0.00021721902,0,0,8.0548874e-05,0,0,0,0,0,0,0.00016041537,0,0.00012243504,0.00014654428,0.00073879002,0,0.00027926088,0.00022647083,0,0,0,0.00015478845,0,0,0,0,0.00021028209,0,0,0.00032860905,0.00018722396,0,0,0,0,0,0,0.00027873097,0,0.00030647147,0,0.00018670308,0,0.00021043809,0,0.00014692263,0,0.00016761993,0.00012200632,0,0.00076050064,0,0,0,0.0017981867,0.00021859749,0,0,0.00057505492,0,0.0010192571,8.7245065e-05,0,0.029131539,0.00017900619,0,0.00014530919,0,0,7.8429481e-05,0,0,0,0.00017993096,0,0.00046430536,0.0008296791,0.00070876959,0,0.00014289996,0.00012295825,0,7.4714733e-05,0.00078236153,0.00018286084,0.00021451666,0,0,4.2186703e-05,0,0,0,0,0,0,0,0,0,0,0.00012385345,0,0,0.0001632458,0,0.00074101386,0,0,0.00022954822,7.8643461e-05,0.00052312037,0,0,0,0,0,7.2376671e-05,0,0,0,0.00010619442,0.00025654367,0,0,0.00023312994,0.00019216303,0,0,0.0002870057,0,3.0460018e-05,0,0,0,0,0.00043877226,0.0010409183,0,0.00044979026,0,0,0,0,0.00028794786,0,0,0.0004497552,0,0,0,0,0,0,0,0,0,0.0051198233,4.9937121e-05,0,0,0,0,0,0,0,0,0,0,0,0,0,0,0,0.00018409313,0.00015524637,0,0,0,0,0,0,0,0,0,0,0,0,0,0,0,0,0,0,0,0,0,0,0,0,0,0,0.0012445186,0,0
7.4490186e-05,0,0.0014740342,0,0.00047739784,0,0,0.00020873729,1.3714109e-05,1.5995344e-05,0,0.0042599854,0.0011357419,0.00069481873,0.00075171686,0,0,6.9086232e-05,0.00072052956,0.0016432387,0.0030062584,0,0.00017601709,0.0013724483,5.2030736e-06,0.00090001153,0.0037138642,4.4082965e-05,0.0005155358,0.00086565531,0.00035064097,0.00077278785,0,0,0.00028001473,0,0.00041295252,9.2021631e-05,0.00026579408,3.8178062e-05,0.0011951017,0.00037065864,0.00099045861,0.0010528827,0,0.00015067372,0,0.00031707167,0,8.1176711e-06,0,0.00073924315,0.00036459514,0.00043270577,0.00035070036,0.00011889739,0.0012157271,0,0.00070195021,0.0014392055,0.00067930486,0,0,0.0041126923,0.0003033802,0.0014362638,0,0,0.0012448209,0,0.00042186297,0,0.00030639306,0.00014150988,0.00020894514,0.00046619303,0.00026414729,0.00089672107,0,0.001302656,0,0,0,0.00066640576,0.00011421367,0.0016145006,0,0.000825851,0.0013047942,0.00083494874,0.00048982834,0.0013180261,0.00027910248,0.0009538651,0.00088226283,0,0,0.00025294748,0,0.00020871526,2.6810665e-05,0.0002960275,0,0,0.0011701867,0.00051763105,0.00076242967,0.0019027261,0,0.00070674735,6.3506006e-20,0,0.0022945206,0.00072442081,0.0043123637,0,0,0.00010630446,0.0002040414,0.00033115902,0.0003562451,0.00063548141,0,3.7342284e-06,0,0.00016420535,0,0.0002553572,0.0006236511,2.3104343e-05,2.4669742e-05,0,7.7540399e-05,0,0.00045119036,0,0.00017627364,0,9.9697478e-05,0,0,0,0.0001288842,0,0,0,0,0.00014503858,0,0.0016769771,0.00060804544,7.8610086e-05,0,0,0,0.00072768155,0.00035891178,8.2683845e-05,0,0,0,0.00015334344,0,4.4554707e-05,0,0,0.00019038738,8.5863677e-05,3.0478746e-05,0.00085587287,6.9641328e-05,0,0,0,4.1190998e-06,0,0,0.00018424827,0,0,0,0,0,0,0.00060441028,0,0.00017036626,0.00028355363,0.0015124418,0,0.00047148889,0.0016510169,0,0,0,0.0002131438,0,0,0,0,0.00023528754,0,0,6.3070521e-05,0,0,0,0,0,0,0,0.0013231207,0,0,0,2.4604271e-05,0,4.906227e-05,0,0.00023311949,0,0,5.613616e-05,0,0.00016744469,0,0,0,0,0.00011581785,0,0,3.6690938e-05,0,0,7.5967957e-05,0,0,0.0011097039,0,0.00024601273,0,0,4.8817172e-05,0,0,0,0.00026908808,0,0.00011264568,0,0.00071594493,0,0,0.00072730643,0,7.9608269e-05,0,9.0472698e-05,0.00021792848,0,0,0,0,0,0,0,0,0,0,0,0,0,4.9357952e-05,0,0,2.5853497e-05,0,0.00024936743,0,0,2.5113894e-05,5.307545e-05,9.410378e-05,0,0,0,0,0,7.4641277e-05,0,0,0,0.00036556986,7.8897717e-05,0,0,6.581622e-05,0.00079591629,0,0,5.705449e-05,0,4.0388472e-05,0,0,0,0,3.9152116e-05,0,0,1.7936146e-05,0,0,0,0,3.5534732e-06,0,0,5.4131957e-06,0,0,0,0,0,0,0,0,0,0,4.3853471e-05,0,0,0,0,0,0,0,0,0,0,0,0,0,0,0,4.8536112e-05,9.3009653e-05,0,0,0,0,0,0,0,9.0638858e-20,0,0,0,0,0,0,0,0,0,0,0,0,0,0,0,0,0,0,0.00022093025,0,0
0.00060101589,0,0.00022962513,0,0,0,0,0.00050052667,0.00046353213,0,0.00061360334,0,0.00028112413,0.00055095109,0.00032459847,0.00082541209,0,0.00061134694,0,0,0.00024390227,0,0.0018259765,0,0.00020278624,0.00088639214,0.0006054126,0.0011091891,0.00012554356,0.00036043442,0.0011530399,0.0003316648,0,0,0.0001968034,0.0031104878,0.00025850001,0.00090968843,0.00016669579,0.00052444248,0,0.00038735076,0.00084363848,0.00040735968,0.0031319814,0.0014268428,0,0.00026845392,0,0,0,0.0007807381,0.00034872138,0.00028922503,0.00021035159,0.00017638196,0,0,0.00033344836,0.00032553994,0.00035099512,0.00026520874,0,0.0002681866,0.00022878683,0.00017557312,0,0.0058640723,0.00046253879,0,0.0002751613,0,0.00030255536,0.00020781318,0.00019997803,0.00030733305,0.00025400058,0.0003414085,0,0.00030480921,0,0.0058806797,0.0035005109,0.0011981815,0.00066311605,0.00034406116,0.00017219147,0.00030888711,0,0,0.00032725045,0,0.00048406935,0.00057364657,0.00021413035,0,0.0012396982,0.00022536448,0.0012508725,0.00027283018,0.0026243876,0.0040095414,0,0.0021739418,0.0002961134,0.00024500362,0,0,0.0027768778,0,0.018363411,0,0.00058109548,0.00034929914,0,0,0,0.0002903817,0.00028400787,0.00026699769,0.0034860084,0.00048276675,0.00075160607,0.0006319712,0.0040224442,0.00023199926,0,0.00023157078,0.00031316403,0.0012225829,0.00086889671,0,0.00025604275,1.2411373e-19,0.00030509105,0,0.0014986257,0,0.00037709506,0,0,0,0.0001953079,0.014460728,0,0.0002022582,0,0.00048321305,0,0.00029804496,0.00072252708,0.00045846806,0,0,0,0.0011051205,0.0017609171,0.00046948676,0,0,0.0031431009,0.00030166237,0,0.00022772645,0,0.0037938049,0.00021065571,0.00032852413,0.0017382389,0.00035971545,0.00025623451,0.0208285,0,0,0.00089439204,0,0,0.00093435353,0,0.0013763515,0,0,0,0,0.00022398254,0,0.00031243387,0.00066116131,0.00057945625,0,0.00027703852,0.00032073878,0,0,0,0.00021638387,0,0,0.0019170112,0.0038536731,0.00028612685,0,0,0.00024828707,0.00095633115,0,0,0,0,0,0,0.0002211705,0,0.00040910627,0,0.00019133442,0,0.00058848757,0,0.00016991145,0,0.0011529481,0.00079925379,0,0.00081908521,0,0.0045927036,0.001470917,0,0.00030986957,0,0.001601752,0.00030240922,0,0.0023217689,0.00025077098,0,0.00055004199,0.00021694239,0,0.00023032462,0,0,0.00044011032,0,0,0,0.00021014493,0,0.00051931784,0.00087076182,0.00018671321,0,0.0010539385,0.00019875272,0,0.0007626881,0.0011821144,0.00018417312,0.00017072667,0,0,0,0,0,0,0,0,0,0,0,0,0,0.00052969384,0,0,0.00049974158,0,0.0007222527,0,0,0.00053415507,0.00015377418,0.00017686936,0,0,0,0,0,0.00077361711,0,0,0,0.00018728899,0.00020550476,0.0029045327,0,0.00082012584,0.00028663719,0,0,0.00019164167,0,0.00080634116,0,0,0,0,0.00017775486,0.00021716011,0,0.00018431978,0,0,0,0,0.0003645534,0,0,0.00049305903,0,0,0,0,0,0,0,0,0,0.00406327,0.00041210026,0.0012988868,0,0.0012057691,0,0,0,0,0,0,0,0,0,0,0,0,0.00034614291,0.00023723551,0,0,0,0,0,0,0,0,0,0,0,0,0,0,0,0,0,0,0,0,0,0,0,0,0,0,0.0009456142,0,0
9.8903943e-05,0,0.00074272338,0,0.0014312487,0,0,0.00043091636,2.2722567e-05,6.9221913e-05,6.6590915e-05,0.0054600062,0.00031485707,0.00068173683,0.00021118527,0.0012334276,0,7.2374649e-05,0.0011208809,0.0018639704,0.00051989963,0,0,0.0010061998,5.8368467e-05,0.0018572175,0.00026380899,0.0004331905,0.00047897571,0.00030536975,0.00036100251,0.0010662037,0,0,9.002423e-05,0,6.0928611e-05,0.00021666267,0.00044320804,0.00016657161,0.0014518942,0.00019163716,0.00024360821,0.00044552345,0,0.00038693389,0,0.00018422218,0,0,0,0.0002561165,0.00031004772,0.00028465578,0.00047574552,0.00037679683,0.0017265798,0,0.00018927639,0.00083224818,0.00029354152,0.00046187038,0,0.00043648751,0.00036958492,0.00073678279,0,0,0.0003829092,0,0.00021963166,0,0.00014605401,0.00018253023,0.00011413725,0.00024366971,0.00011869898,0.00030074807,0,0.00041679064,0,0,5.7654377e-05,0.00037329929,0.00014953382,0.00018403865,5.4685394e-05,0.00016717362,0.0018947614,0.00035426058,0.00020390412,0.0015517641,0.00033414981,0.00063295075,0.0019682814,0,0.00012768288,0.00036222538,0.00012483271,0.00011258666,0.00065922653,0.0015081007,0,0,0.00013303803,4.0252257e-05,0.0016522513,0.0004906986,0.00013884775,0.00067801318,1.2374968e-19,0,0.00061886424,0.00029548034,0,0,0,0.00023464792,0.0002793312,0.0001722077,0.00073450815,0.0002745751,0,0.00011153332,8.3796991e-05,0.00053090782,0,0.00016484736,0.00026491372,2.4353583e-06,0.00010674073,0,9.2993648e-05,0,0.00016151964,0,9.6450199e-05,0,0.00015087885,0,0,0,0.00017906911,0,0,0,0,0.0002705105,0.0020916569,0.00035210787,0.0005838765,0.000228276,0,0,0,0.00018301071,0.00061454532,0.00037999355,0,0,0,0.00027142,0,7.9408355e-05,0,0,0.00010913962,0.00027167593,0,0.00029315093,7.814747e-05,0,0,0,0.00010801836,0,0,0.00018654189,0,0,0,0,0,0,8.3846033e-05,0,0.0001187151,9.4471017e-05,0.00026461445,0,0.00021802657,0.00015884492,0,0,0,0.00012684247,0,0,0,0,0.00022865991,0,0,0.00010080213,0.00013326311,0,0,0,0,0,0,0.00011704608,0,7.1368666e-05,0,2.8950699e-05,0,7.854948e-05,0,0.00012633282,0,1.3951412e-05,0.00010742759,0,0.00013179657,0,0,0,0.0016817581,8.6016594e-05,0,4.0630233e-05,0,0,0.00055718795,0.00010950717,0,0.0016612304,1.6972178e-05,0,0.00012529031,0,0,6.053897e-05,0,0,0,0.00010023203,0,0.00013706338,2.9123136e-05,0.00050018049,0,7.6557136e-05,0.00010763956,0,5.1822298e-05,0,0.00016662438,0.00024913104,0,0,0,0,0,0,0,0,0,0,0,0,0,7.0476916e-05,0,0,0,0,0.00046679439,0,0,0.00011436548,8.3660943e-05,0.00027264419,0,0,0,0,0,5.3496128e-05,0,0,0,8.1860203e-05,9.8101891e-05,0,0,0.0002050948,0.0001598922,0,0,7.1076445e-05,0,4.7422071e-05,0,0,0,0,2.5411999e-05,0,0,2.7643792e-05,0,0,0,0,3.2281109e-05,0,0,7.4346439e-05,0,0,0,0,0,0,0,0,0,0,6.5865789e-05,0,0,0,0,0,0,0,0,0,0,0,0,0,0,0,6.7475013e-05,8.9990001e-05,0,0,0,0,0,0,0,0,0,0,0,0,0,0,0,0,0,0,0,0,0,0,0,0,0,0,0.00025736375,0,0
